<?xml version='1.0'?>
<database>
  <user username="user" fromAddress="John.User@somewhere.com" fullName="John Q. User" password="pass">
    <subscription host="mail.hotmail.com" autoConnect="false" password="bar" type="pop3" username="user1234">
    </subscription>
    <subscription host="mail.yahoo.com" autoConnect="false" password="foo" type="imap" username="jquser">
    </subscription>
  </user>
  <user username="toto" fromAddress="toto@toto.com" fullName="paap" password="azerty" replyToAddress="toto@toto.com">
  </user>
  <user username="mag" fromAddress="drim@octo.com" fullName="mag" password="mag" replyToAddress="drim@octo.com">
    <subscription host="pop.isuisse.com" autoConnect="false" password="123asba" type="pop3" username="belou">
    </subscription>
  </user>
</database>
